{"cameraMode":{"drawMode":0,"name":"Shaded","section":"Shading Mode"},"sceneLighting":false,"audioPlay":false,"sceneViewState":{"showFog":true,"showMaterialUpdate":false,"showSkybox":true,"showFlares":true,"showImageEffects":true,"showParticleSystems":true},"in2DMode":false,"pivot":{"x":-2.6011245250701906,"y":1.7739803791046143,"z":-0.19219589233398438},"rotation":{"x":0.12600788474082948,"y":-0.8303872346878052,"z":0.20875781774520875,"w":0.5011003613471985},"size":1.229196548461914,"orthographic":false}