{"cameraMode":{"drawMode":0,"name":"Shaded","section":"Shading Mode"},"sceneLighting":true,"audioPlay":false,"sceneViewState":{"showFog":true,"showMaterialUpdate":false,"showSkybox":true,"showFlares":true,"showImageEffects":true,"showParticleSystems":true},"in2DMode":false,"pivot":{"x":-16.549875259399415,"y":3.1982011795043947,"z":5.239339828491211},"rotation":{"x":0.02515680156648159,"y":0.04920284077525139,"z":0.0012608978431671858,"w":-0.9985178709030151},"size":1.0217046737670899,"orthographic":false}